fetched_at,as_of,value,change_pct
2026-09-19T05:54:04Z,2026-09-18,4424.9,1.6774
2026-09-20T22:34:40Z,2026-09-20,4413.2,1.8556
2026-09-21T22:36:25Z,2026-09-21,4388.4,0.0205
2026-09-22T22:35:15Z,2026-09-22,4402.2,0.0568
2026-09-23T22:35:03Z,2026-09-23,4324.9,-2.2599
2026-09-24T22:35:26Z,2026-09-24,4305.9,-1.7792
2026-09-25T22:36:12Z,2026-09-25,4320.5,-1.4462
2026-09-26T22:35:56Z,2026-09-25,4321.2,-1.4302
2026-09-27T22:37:00Z,2026-09-27,4304.3,-1.6475
2026-09-28T22:35:59Z,2026-09-28,4156.8,-3.7421
2026-09-29T22:37:31Z,2026-09-29,4214.1,-1.9521
2026-09-30T22:38:47Z,2026-09-30,4186.1,-3.1264
2026-10-01T22:38:19Z,2026-10-01,4201.7,0.7989
2026-10-02T22:38:24Z,2026-10-02,4172.1,0.0888
